House,theta_0,theta_1,theta_2,theta_3,theta_4,theta_5,theta_6
Gryffindor,-2.7676422646880807,0.5899595933788581,1.570476857599683,-1.7430475304177482,-0.403888891102056,-0.8523390199633267,-0.5881910517338305
Hufflepuff,-1.7923762294777996,1.437457314723652,-1.82054489689233,0.9969161095343921,-0.0045419637378142684,1.5749113805080792,-1.4426616902150813
Ravenclaw,-2.275300813060261,-0.6968486646034809,1.5875744244296521,0.033045089780972835,1.6711580137510273,0.9170031017972906,0.7148007733291643
Slytherin,-2.972117799484926,-1.3017855459295107,-1.4351820127191148,0.7962168328444881,-1.3066394459394397,-1.472813356098539,1.2813641624321048
