House,theta_0,theta_1,theta_2
Gryffindor,-6.188118335976155,6.430575235447744,-7.06635099242227
Hufflepuff,3.6115603800507663,17.926806776144083,-25.69996825301526
Ravenclaw,-4.60806274684315,-2.51035482820659,0.154490083715614
Slytherin,2.6318490208487235,-14.92153809679561,-24.650784925785032
