House,theta_0,theta_1,theta_2,theta_3,theta_4,theta_5,theta_6
Gryffindor,0.00980953474378783,6.581696681539561,41.887868637653526,-25.257784258037685,-6.147218238357589,-4.770873831538338,-3.9029368608345902
Hufflepuff,-0.02776679953944612,8.600186276140438,-55.40765372334052,25.429528138267713,16.90611144708642,9.280081561853589,5.993361116844775
Ravenclaw,-0.10125209119542171,-12.81218933323758,81.51653187509676,-34.76957483187088,58.122979650420206,19.620444202822988,6.9146380447132625
Slytherin,0.014419456723630321,-12.366467547880603,-58.57044564113525,18.10272760456988,-20.08328468179016,-11.276550869695086,-0.4628409612012953
