House,theta_0,theta_1,theta_2,theta_3,theta_4,theta_5,theta_6
Gryffindor,-2.7830368379615757,0.5693539883137945,1.5797764244479304,-1.7033884299965774,-0.32096822588485785,-0.9341148609184342,-0.5709205077700077
Hufflepuff,-1.694071163471627,1.4732435731045508,-1.8808096746032832,1.0420097294708721,-0.07618986700348353,1.538571458055666,-1.472767063383827
Ravenclaw,-2.4130267485405708,-0.7313273668963697,1.5476755961026152,-0.02747615142622488,1.6007817945201228,0.9330479182794853,0.7183717228381526
Slytherin,-2.9228358146101314,-1.3071041408722954,-1.3645426932506408,0.7933052360200341,-1.2594987688669252,-1.458705357833227,1.3209493847816378
